 Time (min), Rep 0, Rep 1, Rep 2, Rep 3, Rep 4, Rep 5, Rep 6, Rep 7, Rep 8, Rep 9, Rep 10, Rep 11, Rep 12, Rep 13, Rep 14, Rep 15, Rep 16, Rep 17, Rep 18, Rep 19, Rep 20, Rep 21, Rep 22, Rep 23, Rep 24, Rep 25, Rep 26, Rep 27, Rep 28, Rep 29, Rep 30, Rep 31, Rep 32, Rep 33, Rep 34, Rep 35, Rep 36, Rep 37, Rep 38, Rep 39, Rep 40, Rep 41, Rep 42, Rep 43, Rep 44, Rep 45, Rep 46, Rep 47, Rep 48, Rep 49, Rep 50, Rep 51, Rep 52, Rep 53, Rep 54, Rep 55, Rep 56, Rep 57, Rep 58, Rep 59, Rep 60, Rep 61, Rep 62, Rep 63, Rep 64, Rep 65, Rep 66, Rep 67, Rep 68, Rep 69, Rep 70, Rep 71, Rep 72, Rep 73, Rep 74, Rep 75, Rep 76, Rep 77, Rep 78, Rep 79, Rep 80, Rep 81, Rep 82, Rep 83, Rep 84, Rep 85, Rep 86, Rep 87, Rep 88, Rep 89, Rep 90, Rep 91, Rep 92, Rep 93, Rep 94, Rep 95, Rep 96, Rep 97, Rep 98, Rep 99, Mean, Std Dev
0,0.408386,0.164942,0.518763,0.491046,0.0549034,0.118598,0.478122,0.420419,0.273436,0.254539,0.282083,0.558374,0.259547,0.434027,0.36933,0.728341,0.642886,0.389829,0.47859,0.413117,0.134093,0.808628,0.23921,0.273338,0.302098,0.322787,0.0217657,0.0590041,0.238473,0.394487,0.09167,0.197095,0.383705,0.411579,0.206726,0.353693,0.264411,0.584187,0.277076,0.428751,0.125375,0.816491,0.388487,0.189117,0.220167,0.404787,0.438569,0.208317,0.0498765,0.555842,0.496429,0.583581,0.895718,0.235167,0.281588,0.543154,0.428275,0.554568,0.252545,0.336394,0.143228,0.168526,0.291781,0.207285,0.715107,0.570703,0.60678,0.493554,0.467937,0.246364,0.116098,0.174826,0.0807804,0.236498,0.285066,0.422647,0.403965,0.278288,0.934853,0.043926,0.41645,0.270032,0.269147,0.651692,0.156115,0.428734,0.234386,0.418368,0.32118,0.158148,0.242739,0.371348,0.839274,0.061782,0.405597,0.487081,0.0796705,0.400734,0.215382,0.154893,0.352075,0.199152
10,0.453479,0.198158,0.673238,0.0680031,0.527147,0.330473,0.384326,0.510424,0.449497,0.559446,0.531223,0.406046,0.600674,0.370578,0.157408,0.399703,0.327168,0.365874,0.273037,0.510841,0.0707375,0.344561,0.141374,0.315664,0.158904,0.411,0.420149,0.380437,0.182482,0.3843,0.355252,0.342974,0.355366,0.365787,0.531621,0.290768,0.612856,0.445486,0.224491,0.806495,0.76698,0.175595,0.792625,0.34874,0.158932,0.838689,0.275334,0.145097,0.63356,0.291403,0.500947,0.182686,0.281171,0.368987,0.343614,0.367469,0.345779,0.509131,0.171363,0.425137,0.867373,0.300892,0.00717239,0.656973,0.279607,0.697656,0.205439,0.181762,0.470561,0.22534,0.422448,0.536964,0.0847062,0.0697544,0.257781,0.568399,0.241691,0.343525,0.517889,0.472069,0.263217,0.491046,0.400267,0.246197,0.725758,0.46995,0.350498,0.316755,0.358072,0.284026,0.578131,0.413633,0.409091,0.5609,0.300827,0.211591,0.116233,0.393395,0.477367,0.531188,0.384668,0.1816
20,0.218778,0.288661,0.532517,0.371762,0.646589,0.533768,0.242544,0.29564,0.377983,0.394821,0.375575,0.0896959,0.321049,0.289713,0.399763,0.628976,0.162346,0.159469,0.0843012,0.139194,0.237169,0.385063,0.306103,0.430523,0.60529,0.285211,0.481493,0.427086,0.471283,0.362839,0.556223,0.173914,0.407121,0.319761,0.731926,0.162517,0.523403,0.301323,0.317858,0.346723,0.542247,0.481721,0.189514,0.0142851,0.568079,0.492709,0.316439,0.20948,0.831359,0.16323,0.0629801,0.516941,0.300856,0.594439,0.602522,0.121418,0.482406,0.451704,0.775542,0.547949,0.593962,0.441926,0.384563,0.535338,0.594084,0.183184,0.20154,0.909717,0.153583,0.366963,0.157648,0.128654,0.261409,0.33512,0.225882,0.255911,0.431314,0.245088,0.438701,0.122372,0.457822,0.623822,0.170824,0.439493,0.153381,0.754173,0.474059,0.125674,0.552872,0.399593,0.276746,0.587144,0.41426,0.571812,0.254799,0.341307,0.316984,0.371064,0.598934,0.073873,0.375774,0.186312
30,0.0904455,0.0926437,0.183847,0.127089,0.0498417,0.182078,0.0400372,0.0740597,0.306827,0.0381004,0.212624,0.175077,0.195112,0.250961,0.126512,0.0308039,0.048105,0.183415,0.15955,0.0762041,0.199689,0.287192,0.154752,0.110705,0.0946264,0.0713562,0.308197,0.154404,0.154586,0.0633837,0.368003,0.0787256,0.0562946,0.106155,0.435002,0.0769865,0.185086,0.274886,0.110986,0.0424759,0.100288,0.220368,0.0330902,0.0582382,0.0252336,0.109039,0.0140224,0.111454,0.16608,0.0828176,0.0422047,0.0473478,0.0397766,0.170239,0.171123,0.162204,0.237075,0.05851,0.229814,0.255952,0.16463,0.0577835,0.147287,0.211534,0.0785431,0.0878643,0.134336,0.0781588,0.00823555,0.0870216,0.177538,0.10514,0.106757,0.245443,0.158285,0.113011,0.0934721,0.0520149,0.0570709,0.0336472,0.0387608,0.18588,0.221733,0.245974,0.0247267,0.148401,0.146157,0.00908985,0.199007,0.0976366,0.193977,0.115494,0.187958,0.065827,0.0650022,0.031469,0.153014,0.274821,0.440758,0.0497593,0.134049,0.0896361
40,0.249926,0.013028,0.0428623,0.143935,0.066637,0.251215,0.0333332,0.12845,0.0472446,0.0199093,0.216051,0.0632095,0.242791,0.0718678,0.136634,0.0377632,0.0800999,0.0747089,0.0630653,0.108665,0.011359,0.159017,0.00802727,0.0469135,0.0227875,0.0143139,0.0242214,0.115418,0.131017,0.0674027,0.0128803,0.0512436,0.237985,0.139765,0.31678,0.0811367,0.0867905,0.150026,0.041573,0.154348,0.103505,0.0220589,0.036705,0.0216942,0.0357502,0.206118,0.0787899,0.0177216,0.21205,0.0136246,0.0340458,0.147425,0.0702366,0.0407852,0.191436,0.0572868,0.129761,0.0927597,0.131482,0.11101,0.0754791,0.00818672,0.0580555,0.0823227,0.0796425,0.0321144,0.0559467,0.133205,0.031543,0.130688,0.0232239,0.150015,0.0963905,0.107834,0.0154568,0.0544704,0.0628964,0.174651,0.0241032,0.0495831,0.166309,0.00665512,0.0735981,0.0405087,0.116537,0.192619,0.161582,0.0754746,0.0867641,0.251604,0.0573437,0.111893,0.061985,0.0406174,0.0256287,0.0035881,0.118033,0.0761841,0.00223465,0.0345867,0.088682,0.0685723
50,0.00193748,0.0800228,0.0270062,0.13354,0.231616,0.0601986,0.167299,0.0279751,0.00773201,0.0459747,0.148108,0.0591976,0.155326,0.10311,1,0.0851021,0.214694,0.066404,0.0552715,0.0368572,0.174183,0.254615,0.0541908,0.00543327,0.190924,0.11836,0.0613426,0.246907,0.0646515,0.0669731,0.0403919,0.0922649,0.087759,0.128137,0.103229,0.0587647,0.109204,0.0181992,0.0522358,0.0648769,0.0591049,0.0324154,0.0001091,0.193539,0.0815117,0.0522766,0.114771,0.0773388,0.021405,0.0583164,0.0689339,0.115538,0.141299,0.137138,0.0305626,0.0506088,0.135133,0.359932,0.160515,0.0355244,0.0104385,0.129087,0.0357204,0.0567287,1,0.175046,0.0539776,0.108539,0.12422,0.137448,0.0104115,0.117157,0.0498779,0.20488,0.0249138,0.00523491,0.0495132,0.0313919,0.182973,0.0846451,0.232589,0.0198921,0.0979591,0.103533,0.037553,0.0595791,0.0673344,0.0669884,0.0753407,0.233136,0.123611,0.0355423,0.0936638,0.150175,0.0364735,0.19879,0.0542,0.0500534,0.0377155,0.0871578,0.110795,0.144358
60,0.282735,0.0571911,0.0957718,0.0655037,0.015274,0.185497,0.171276,0.186757,0.00116043,0.0945919,0.0553452,0.262959,0.0784748,0.0528675,0.64084,0.038018,0.065778,0.0276291,0.0269482,0.138137,0.0745941,0.0543217,0.155613,0.140541,0.0191765,0.0920101,0.0460522,0.263112,0.0672134,0.0541103,0.107867,0.14756,0.140991,0.0188252,0.0889713,0.0571178,0.0389,0.141869,0.0354652,0.189162,0.0616783,0.0900177,0.370396,0.0540211,0.0940372,0.0658375,0.00418777,0.0680389,0.124306,0.0517063,0.0211899,0.00667343,0.139457,0.00412445,0.0176392,0.0518246,0.047731,0.199319,0.0646057,0.0486603,0.150607,0.37258,0.0103973,0.0539593,0.203049,0.012009,0.306834,0.0171471,0.0480644,0.100982,0.0248833,0.110163,0.0627914,0,0.155094,0.00456314,0.0291695,0.0360683,0.144373,0.166135,0.166609,0.0873379,0.105386,0.0927662,0.0824043,0.00266418,0.166934,0.133194,0.0411774,0.109407,0.0877094,0.136479,0.225031,0.384922,0.0371117,0.121028,0.0044754,0.0811245,0.0170029,0.0298374,0.101831,0.0996502
70,0.0878021,0.0346062,0.119904,0.0822327,0.0906021,0.105429,0.0973541,0.0531799,0.00351715,0.0870049,0.0642532,0.0342827,0.0775398,0.121042,0.194865,0.224612,0.0488449,0.200608,0.15911,0.166744,0.0524216,0.0617958,0.628989,0.1767,0.186892,0.123943,0.00471039,0.063324,0.21945,0.266371,0.0383858,0.0893616,0.0509476,0.175462,0.0267197,0.0526123,0.385048,0.069857,0.220811,0.0208496,0.211882,0.0120941,0.124915,0.0444183,0.0420631,0.114549,0.0583015,0.038446,0.232214,0.147432,0.0207573,0.0292358,1,0.0373497,0.0324623,0.0825859,0.178627,0.0764282,0.058223,0.0588089,0.0589783,0.118791,0.0569504,0.0542557,0.00452805,0.13816,0.226477,0.265658,0.0653465,0.0661522,0.262896,0.0426353,0.102945,0.00556488,0.0865372,0.0122139,0.0653564,0.139618,0.00373611,0.0463669,0.181257,0.187008,0.038411,0.0608223,0.0322533,0.140663,0.0177681,0.074614,0.0671249,0.0303505,0.153238,0.0611763,0.13326,0,0.00903549,0.186129,0.0503639,0.0471733,0.192583,0.121041,0.111764,0.128269
80,0.105592,0.208067,0.0628952,0.0295212,0.0474297,0.150019,0.199998,0.0514854,0.151363,0.229069,0.0145271,0.00184631,0.0400635,0.0587364,0.0625816,0.174104,0.105542,0.117812,0.155048,0.011412,0.0891998,0.270618,0.295934,0.103888,0.0180763,0.198988,0.0608177,0.195341,0.0354065,0.164975,0.0882423,0.0495979,0.0546829,0.173842,0.157148,0.102026,0.0275612,0.115044,0.17382,0.207037,0.016375,0.0414131,0.202374,0.111782,0.0191498,0.156137,0.0462303,0.226451,0.0865692,0.0456978,0.0951347,0.380047,1,0.0712135,0.0403038,0.150185,0.0595291,0.0788956,0.0882835,0.209151,0.0306808,0.337919,0.17349,0.245105,0.254419,0.134067,0.0477997,0.142037,0.0901039,0.0661789,0.0632957,0.132572,0.0749763,0.042305,0.143076,0.0354668,0.00353012,0.0151611,0.0188553,0.00826797,0.046862,0.220612,0.0459404,0.0480881,0,0.216232,0.0500893,0.233803,0.0640053,0.0687202,0.10948,0.0372734,0.213361,0.11873,0.0180061,0.100119,0.0503494,0.230664,0.0487617,0.311575,0.119763,0.12227
90,0.081778,0.0964752,0.218006,0.0756088,0.0765083,0.043219,0.0550896,0.0784737,0.105294,0.0262901,0,0.198679,0.12784,0.139152,0.0125969,0.0952911,0.0891815,0.0465897,0.260591,0.0145493,0.101202,0.0745789,0.135925,0.068132,0.012648,0.0663589,0.105135,0.0154366,0.268034,0.0373627,0.00814743,0.0196342,0.115872,0.0704346,0.225077,0.00528183,0.0369209,0.0701347,0.0495987,0.139074,0.0311096,0.134716,0.0540909,0.140767,0.104504,0.0529732,0.0131546,0.0423256,0.282295,0.0700676,0.096199,0.059977,0.262052,0.0804176,0.222943,0.0944473,0.0810615,0.0230736,0.056369,0.335388,0.0820557,0.0332016,0.0425377,0.058461,0.0510986,0.178409,0.155153,0.148362,0.0208115,0.0261887,0.0680168,0.040081,0.000771332,0.0488457,0.353783,0.161956,0.294559,0.0957329,0.0806908,0.0539474,0.0861183,0.0177956,0.0484215,0.0180916,0.272731,0.202065,0.0766685,0.0908348,0.00532379,0.07528,0.0467087,0.204465,0.238552,0.0715736,0.0255089,0.0947052,0.0455215,0.100809,0.112891,0.941487,0.104743,0.116044
100,0.101527,0.137598,0.105396,0.106765,0.0354408,0.0114456,0.0688538,0.107024,0.0986107,0.0434578,0.236966,0.130078,0.0730484,0.0311066,0.018782,0.0209282,0.0730522,0.0937775,0.0279922,0.0671486,0.0477104,0.0323723,0.14567,0.0995659,0.112045,0.078846,0.169537,0.147399,0.0656982,0.036142,0.187703,0.0364922,0.112875,0.0923737,0.0607986,0.0755882,0.0408234,0.188175,0.0190491,0.146352,0.255384,0.0986443,0.234447,0.0741913,0.0146271,0.106008,0.0938789,0.072467,0.056926,0.024778,0.0433235,0.0260292,0.061293,0.136823,0.0135086,0.0631653,0.301788,0.0550049,0.0462936,0.834491,0.257104,0.396751,0.115432,0.13623,0.127734,0.0337181,0.0506561,0.111077,0.0926445,0.0800865,0.146854,0.30099,0.0211098,0.0550468,0,0.0473419,0.126562,0.0894173,0.0334274,0.218047,0.230867,0.0794197,0.181615,0.1105,0.0374023,0.0158241,0.0626289,0.0287148,0,0.0798073,0.0668938,0.0384613,0.0305389,0.335075,0.0269615,0.0642074,0.247958,0.0822983,0.0659012,0.180793,0.105034,0.107287
110,0.0201492,0.0561791,0.0776497,0.0465416,0.0353554,0.0498001,0.0158775,0.26245,0.0485825,0.0375717,0.259693,0.0154823,0.0419792,0.162238,0.312814,0.0518272,0.0935814,0.045993,0.0256363,0.0259995,0.120133,0.0458458,0.0290604,0.0823494,0.0603188,0.105167,0.169801,0.0153305,0.0596641,0.00616074,0.0472237,0.106812,0.000457764,0.0184395,0.153239,0.0698692,0.0298286,0.119321,0.20049,0.0465302,0.144967,0.0905151,0.0644699,0.157251,0.0759811,0.0970848,0.152289,0.0212318,0.0441742,0.00449142,0.156399,0.115913,0.675546,0.0525505,0.017099,0.00651093,0.0401848,0.04543,0.102293,0.135236,0.00415039,0.195137,0.170753,0.00114746,0.0072998,0.0420258,0.0384567,0.0436707,0.0710022,0.0546173,0.0523178,0.0230553,0.293001,0.155891,0.0723122,0.0893715,0.141694,0.0879234,0.102819,0.0186874,0.0590019,0,0.134299,0.0455925,0.177222,0.0630676,0.122405,0,0.307468,0.0534576,0.0261185,0.0782784,0.162344,0.161043,0.0120552,0.0629662,0.479384,0.0587616,0.0615074,0.0903992,0.0919176,0.0993766
120,0.0750801,0.00102768,0.0340721,0.213313,0.00712891,0.00617142,0.20912,0.0885605,0.0570519,0.212302,0.0477325,0.0507172,0.0333458,0.10265,0.363388,0.0993408,0.179505,0.195258,0.102369,0.0705666,0.151948,0.0647179,0.19819,0.0828819,0.140514,0.0989983,0.088826,0.0924217,0.0393936,0.260179,0.113224,0.0743278,0.0334091,0.0168686,0.0479103,0.145026,0.0192245,0.183972,0.0206177,0.0538246,0.056282,0.0608574,0.0295357,0.359348,0.0352821,0.159463,0.164013,0.0863647,0.139715,0.167361,0.0469681,0.0540443,1,0.0249504,0.113139,0.16868,0.0598129,0.0388237,0.266494,0.033873,0.114149,0.0633591,0.0557869,0.0731049,0.0724831,0.0548958,0.0549706,0.128908,0.0433228,0.113873,0.0390297,0.00311661,0.330608,0.181505,0.0624519,0.014344,0.211247,0.0101349,0.0945038,0.168784,0.0631737,0.0294701,0.0587784,0.0585281,0.0443985,0.0444717,0.0150429,0.111993,0.0746719,0.105889,0.0933289,0.489848,0.0173149,0.174575,0.0286613,0.11412,0.0688477,0.014389,0.046862,0.0147507,0.106999,0.12451
130,0.163412,0.132936,0.0398087,0.0309753,0.172987,0.0739975,0.0940521,0.0348251,0.0153488,0.0473572,0.107739,0.117393,0.0592972,0.0358902,0.155182,0.0609238,0.0581268,0.0391815,0.264357,0.083403,0.153224,0.183676,0.0663178,0.0219284,0.0282913,0.0715408,0.0499146,0.16871,0.0413712,0.021109,0.0945206,0.00039978,0.0236862,0.104144,0.0543274,0.0192642,0.064032,0.0455444,0.0303299,0.0712204,0.0337601,0.0937546,0.043161,0.053569,0.073381,0.235957,0.0397995,0.134219,0.0195297,0.0932083,0.0767548,0.147624,0.204626,0.126965,0.112383,0.114444,0.114633,0.0565079,0.0129272,0.0606522,0.0250854,0.260661,0.028923,0.0941361,0.0340851,0.0583618,0.0274277,0.131276,0.0366623,0.276855,0.245213,0.321553,0.0554337,0.00779266,0.17047,0.0333344,0.284889,0.0486511,0.101787,0.118394,0.145523,0.0477005,0.0596451,0.0800262,0.262148,0.230322,0.0234146,0.00256042,0.18828,0.0904999,0.0919251,0.115158,0.0233337,0,0.509665,0.0877487,0.368938,0.020105,0.172343,0.0305374,0.0985947,0.0884911
140,0.0594788,0.384026,0.23844,0.144078,0.00849609,0.12155,0.0939484,0.144983,0.0313736,0.177383,0.0963196,0.0574936,0.0211121,0.0051712,0.192854,0.0379608,0.195282,0.057904,0.0449112,0.0181778,0,0.139821,0.187039,0.0666809,0.20827,0.136305,0.0830704,0.115247,0.182428,0.0383102,0.0430939,0.0699661,0.0203201,0.0321503,0.0648224,0.14657,0.159586,0.0518906,0.0477371,0.0783157,0.0550217,0.0590866,0.00437317,0.287122,0.0413666,0.0653351,0.0825638,0.165717,0.013913,0.035965,0.0423843,0.0166992,0.0141479,0.159557,0.367575,0.0684387,0.0958145,0.169029,0.156851,0.0546738,0.237439,0.152473,0.0223801,0.0807327,0.177635,0.0392792,0.0706512,0.0465591,0.0187378,0.0279968,0.0467728,0.0323639,0.0314575,0.0175598,0.0435623,0.0104218,0.0935898,0.092894,0.0929901,0.0397552,0.131442,0.329468,0.0809891,0.166548,0.04422,0.0628815,0.0415573,0.273921,0.0730057,0.0474045,0.0164307,0.424026,0.0395843,0.0208313,0.0682861,0.0816971,0.546265,0.0365524,0.0166489,0.0187119,0.0985392,0.0977807
150,0.0491669,0.602782,0.478026,0.0352905,0.0434036,0.202676,0.135274,0.0337677,0.0973435,0.0599716,0.117529,0.178008,0.0115601,0.204166,0.0962082,0.10864,0.964842,0.00954895,0.287952,0.00247345,0.236148,0.0234619,0.098822,0.0833923,0.157831,0.0635773,0.00654297,0.029892,0.0469788,0.162633,0.0983688,0.0527863,0.0248215,0.0962814,0.103253,0.227419,0.173083,0.0996796,0.19798,0.102577,0.136778,0.0448334,0.0746399,0.0947433,0.139876,0.170039,0.0821289,0.172647,0.127008,0.0752045,0,0.174875,0.195502,0.0756409,0.0403626,0.00778351,0.0919861,0.0458542,0.1217,0.0116409,0.0666443,0.0565887,0.129271,0.440114,0.0129028,0.259326,0.126889,0.121123,0.0122406,0.101773,0.00601196,0.028688,0.0569397,0.0766403,0.211108,0.169299,0.431424,0.165709,0.0502945,0.0257172,0.0883011,0.0189392,0.219829,0.0497681,0.050647,0.119293,0.04543,0.0670425,0.0241486,0.170467,0.224066,0.420483,0.074852,0.0489044,0.0467896,0.0204468,0.119901,0.0223251,0.0383423,0.0625381,0.121686,0.137026
160,0.123575,0.362068,0.155374,0.0504471,0.0674225,0.108002,0.104855,0.274463,0.0823807,0.0692963,0.104588,0.0546371,0.0501419,0.0587982,0.123456,0.235011,0.206422,0.276009,0.105035,0.0988464,0.0257889,0.187682,0.0262817,0.0531876,0.0823456,0.0810211,0.0257919,0.0285645,0.115509,0.0429642,0.131734,0.124643,0.272653,0.0524735,0.0218475,0.138104,0.0427628,0.0488739,0.00662689,0.0863098,0.138411,0.119092,0.129533,0.00986938,0.104639,0.170799,0.0533188,0.120866,0.166782,0.0703918,0.0318542,0.00915527,0.00469208,0.0466156,0.0061615,0.0608871,0.0514908,0.0596924,0.0548004,0.0575714,0.057222,0.158571,0.0481247,0.0700134,0.0755234,0.102472,0.0719772,0.062973,0.0923859,0.169031,0.0448456,0.203314,0.0595749,0.0335419,0.0244614,0.0218262,0.118515,0.0360229,0.296324,0.0298416,0.0132828,0.100757,0.256378,0.00782623,0.0975616,0.047345,0.0953796,0.0705582,0.131979,0.134665,0.027919,0.00482483,0.0597061,0.188812,0.0681732,0.055658,0.101715,0.0153107,0.337686,0.0375137,0.0940223,0.0756412
170,0.153104,0.0239944,0.0418854,0.0476456,0.122572,0.0440445,0.0524689,0.531081,0.0480682,0.182343,0.014296,0.188264,0.0621231,0.202444,0.092453,0.083934,0.084201,0.0781494,0.020488,0.058287,0.0267319,0.00900116,0.087825,0.0601944,0.0780167,0.163403,0.0841354,0.0391571,0.23027,0.061087,0.229047,0.107042,0.11118,0.143332,0.0451523,0.0734619,0.0295242,0.0825409,0.170428,0.0757034,0.102943,0.192393,0.141183,0.131839,0.0244217,0.197221,0.0327347,0.0810135,0.169708,0.04935,0.0862732,0.0962997,0.081987,0.0672989,0.0593124,0.138812,0.0432312,0.0346573,0.23456,0.132898,0.042276,0.0345932,0.100719,0.00505219,0.333945,0.00613861,0.00737915,0.0507904,0.0938583,0.00904236,0.0937073,0.00321503,0.120338,0.0199066,0.0647232,0.0159744,0.14144,0.0159348,0.0720749,0.044136,0.0673782,0.0144028,0.0315826,0.166656,0.0769638,0.049295,0.112805,0.180287,0.0527008,0.148666,0.0779129,0.0227005,0.191469,0.131952,0.125394,0.00395966,0.181998,0.173026,0.124055,0.0617203,0.0940739,0.0780226
180,0.0564148,0.0339188,0.0480316,0.28412,0.173212,0.0943863,0.0579865,0.0455872,0.0384369,0.139409,0.108563,0.098233,0.105519,0.029657,0.0717468,0.0109207,0.0635544,0.0592712,0.168112,0.0589676,0.0885483,0.0122574,0.030101,0.18902,0.0921188,0.0709152,0.0679687,0.0494797,0.0924011,0.213802,0.115547,0.0282562,0.0756454,0.132114,0.0322113,0.120074,0.0967178,0.0770416,0.0916901,0.0689392,0.0316376,0.0227768,0.0567734,0.0640823,0.072258,0.051033,0.201988,0.0600815,0.0044632,0.0549881,0.117078,0.129843,0.0145462,0.131635,0.087178,0.00858917,0.0370804,0.0210907,0.0198227,0.0616486,0.233339,0.0986282,0.227039,0.225806,0.155508,0.200528,0.0432358,0.0756943,0.729573,0.0105667,0.035083,0.0967972,0.1339,0.0140671,0.048877,0.0323196,0.105763,0.101204,4.88E-05,0.22782,0.0866898,0.113278,0.0793518,0.0958603,0.0149521,0.183237,0.102501,0.158678,0.187537,0.112619,0.0564316,0.347118,0.0674927,0.0937271,0.0587616,0.027034,0.225513,0.178029,0.12058,0.0925705,0.0993725,0.0924616
190,0.0839005,0.0763885,0.104762,0.069577,0.0303238,0.0871277,0.0561432,0.0798523,0.125366,0.020842,0.170865,0.0171204,0.0385635,0.248505,0.0775726,0.150859,0.120361,0.0566483,0.13954,0.0530914,0.00154266,0.0471603,0.0550507,0.106598,0.0165482,0.0743668,0.034491,0.22419,0.313376,0.197887,0.0813812,0.115477,0.167976,0.0244995,0.0554901,0.0208237,0.159453,0.0763519,0.0196777,0.0722275,0.0702179,0.32412,0.0987213,0.0244736,0.0752472,0.127147,0.0538528,0.0518539,0.084906,0.0108444,0.101009,0.166508,0.158504,0,0.028093,0.0624786,0.0245712,0.0344238,0.29933,0.0205215,0.0547623,0.0390366,0.0899796,0.146957,0.239018,0.0571167,0.373326,0.0339859,0.780572,0.066658,0.0343552,0.342021,0.0424759,0.193027,0.0639801,0.072287,0.0916473,0.195619,0.324094,0.0607208,0.035997,0.157858,0.121667,0.083194,0.0733749,0.03992,0.0871033,0.101109,0.131631,0.788132,0.0897385,0.0134933,0.363977,0.0886734,0.0447403,0.104567,0.0368118,0.158047,0.0202133,0.0717911,0.114025,0.127708
200,0.00355225,0.0540176,0.0379288,0.0057785,0.142668,0.171368,0.00419464,0.204427,0.0442657,0.050351,0.0895599,0.102745,0.0225067,0.107281,0.0189423,0.0950882,0.0136551,0.651709,0.120622,0.305942,0.0927261,0.0388931,0.0498459,0.0759781,0.19346,0.177922,0.313229,0.0704315,0.0457336,0.00336609,0.0798523,0.181328,0.0374908,0.035849,0.166336,0.0140045,0.0607422,0.0570465,0.0641479,0.00414429,0.0918259,0.273274,0.0211441,0.080983,0.0946869,0.0416779,0.0608673,0.0336227,0.276826,0.154105,0.238861,0.00719605,0.026738,0.101439,0.0728546,0.303557,0.0906097,0.0151688,0.00517425,0.0808563,0.013768,0.143799,0.157387,0.101927,0.0430649,0.022319,0.198936,0.00619507,0.242343,0.00323944,0.0935074,0.304868,0.0790817,0.212004,0.169553,0.230942,0.0523575,0.0822815,0.0522705,0.0877075,0.261568,0.170435,0.182352,0.0492462,0.715123,0.164194,0.0911591,0.201579,0.0439331,1,0.071608,0.0539597,0.0474625,0.000901794,0.0580383,0.0821197,0.0298248,0.127101,0.0358994,0.0511368,0.118158,0.146089
210,0.0515961,0.125693,0.0477066,0.00127258,0.228795,0.0453018,0.0242889,0.0399094,0.15696,0.0500748,0.151826,0.233139,0.00186462,0.0989639,0.0460968,0.074353,0.0587448,0.131258,0.0303284,0.135782,0.104332,0.10108,0.0838623,0.0940216,0,0.0985352,0.135629,0.0757202,0.031012,0.0335129,0.0845886,0.0122665,0.129474,0.0319275,0.0211365,0.235243,0.00494843,0.0501053,0.0110886,0.18589,0.098465,0.135091,0.0871506,0.0347244,0.0585434,0.0316025,0.0977539,0.195107,0.0525421,0.0244919,0.138405,0.0890533,0.0254135,0.007547,0.0256256,0.184256,0.0680252,0.0407852,0.169894,0.0301895,0.109636,0.12397,0.49951,0.27141,0.0737091,0.0441483,0.0758423,0.0218903,0.174451,0.0378479,0.0574204,0.199475,0.0570786,0.114117,0.260515,0.0279846,0.013829,0.0296722,0.0968719,0.134135,0.0903076,0.143434,0.130089,0.0482849,0.0358765,0.0662582,0.125606,0.416615,0.263713,0.634398,0.0822784,0.0334152,0.0367355,0.0678314,0.00410461,0.22471,0.00983124,0.0865143,0.0547485,0.0469009,0.0987816,0.0999912
220,0.0548584,0.0788574,0.016806,0.0522369,0.0441483,0.168147,0.055278,0.0442154,0.0767868,0.362167,0.249733,0.0884857,0.0930801,0.141315,0.0728989,0.126329,0.194408,0.040683,0.0234177,0.0514603,0.0571777,0.0949966,0.210426,0.0555191,0.0995728,0.179163,0.112137,0.0290512,0.192932,0.0811706,0.10882,0.108409,0.206517,0.062796,0.0523697,0.0445007,0.141495,0.0523987,0.282034,0.0580933,0.0477203,0.0794617,0.162988,0.125882,0.159555,0.261676,0.00391693,0.04198,0.0549683,0.247112,0.0094696,0.0161545,0.0701981,0.175278,0.0170868,0.0239822,0.0991379,0.0320023,0.0378494,0.0384018,0.257561,0.0590958,0.0655151,0.278111,0.0553146,0.160339,0.0581741,0.0321655,0,0.0052597,0.0142197,0.065918,0.0696426,0.466599,0.0547882,0.146138,0.0271988,0.165739,0.0135254,0.142004,0.0979218,0.150844,0.177509,0.113019,0.116275,0.0416092,0.0926529,1,0.053978,0.122717,0.0158005,0.0301666,0.213065,0.042598,0.0241302,0.0384125,0.0263474,0.41512,0.0314163,0.146407,0.11057,0.126117
230,0.269733,0.0297852,0.0805054,0.182693,0.144167,0.0214478,0.0416244,0.0961914,0.119504,0.0890198,0.112871,0.0540237,0.0301804,0.100735,0.405353,0.031543,0.0896896,0.0991394,0.134804,0.0315704,0.0965836,0.293413,0.153789,0.0853882,0.0876938,0.0576401,0.0859375,0.208984,0.0734833,0.013678,0.0293381,0.0782364,0.13765,0.0294556,0.0534805,0.169763,0.0519379,0.0354111,0.307524,0.0759766,0.0522171,0.0135376,0.0872513,0.00797577,0.0296036,0.2291,0.0427292,0.184245,0.71599,0.0208832,0.287401,0,0.116571,0.119197,0.107712,0.0355988,0.0874313,0.124275,0.000837708,0.0595413,0.0896225,0.0665726,0.172295,0.206938,0.070929,0.0550751,0.197119,0.100676,0.0483078,0.0603302,0.0134354,0.0209717,0.03293,0.203398,0.0629486,0.219061,0.146823,0.0572311,0.0547058,0.115106,0.0298981,0.0401169,0.0657883,0.0592789,0.105991,0.0598694,0.0820114,1,0.0329117,0.12426,0.203532,0.0881042,0.00560913,0.0513184,0.0189819,0.136351,0.190743,0.0663254,0.082753,0.0689529,0.111193,0.132414
240,0.0782379,0.20278,0.0799499,0.0168442,0.229388,0.0772522,0.245859,0.0557251,0.0276428,0.062735,0.00444031,0.0261749,0.025174,0.0749268,0.0588119,0.0314652,0.00245361,0.039093,0.0764847,0.0486511,0.0779343,0.0108856,0.0310608,0.14232,0.0665955,0.0442383,0.121249,0.000248718,0.395363,0.134093,0.0599792,0.0781036,0.150954,0.127806,0.143513,0.103081,0.0569824,0.0572891,0.00886231,0.0607254,0.0806946,0.0274689,0.364873,0.0235443,0.194499,0.253049,0.0953522,0.0107391,1,0.239236,0.0574677,0.0277725,0,0.13279,0.101933,0.103802,0.0193573,0.0271591,0.0963654,0.0649277,0.139688,0.0910889,0.12845,0.0682907,0.0514023,0.0614838,0.234688,0.147433,0.0338943,0.0319351,0.0468658,0.0310318,0.0418716,0.0323212,0.233389,0.164687,0.016394,0.0323349,0.166626,0.0585358,0.406258,0.0553329,0.105089,0.171384,0.0832397,0.13231,0.114661,0.0905197,0.0638336,0.0942505,0.181473,0.0993515,0.0237015,0.0857239,0.0483322,0.0899002,0.0317337,0.070639,0.0670212,0.0378708,0.101214,0.12111
250,0.303592,0.0976044,0.00657349,0.0181,0.15463,0.182394,0.0554596,0.0696762,0.199344,0.198154,0.106155,0.027887,0.0678177,0.122252,0.0133926,0.2562,0.0142319,0.0621017,0.142825,0.0696213,0.158859,0.054422,0.0159576,0.25551,0.0709824,0.140698,0.0877411,0.0738983,0.0146912,0.114558,0.0411728,0.365855,0.0629715,0.0846283,0.161353,0.0558533,0.015329,0.0634003,0.0603394,0.190187,0.249118,0.0802902,0.11521,0.192946,0.112169,0.0977631,0.040831,0.255896,1,0.156113,0.373177,0.0624893,0.265637,0.0633194,0.0348648,0.0252533,0.117957,0.00782776,0.182487,0.231418,0.145122,0.0762238,0.249112,0.0149231,0.119733,0.131496,0.0273499,0.458502,0.132216,0.0676773,0.130524,0.0247849,0.0821091,0.134308,0.0236313,0.0967087,0.0801987,0.287788,0.0105942,0.209442,0.179161,0.0201309,0.0809341,0.236687,0.255159,0.0166748,0.548245,0.00493774,0.21169,0.0376862,0.0807159,0.222868,0.109572,0.0472717,0.124957,0.0954697,0.0273178,0.05681,0.090126,0.0619751,0.12932,0.133951
260,0.0157684,0.0311707,0.0862854,0.113782,0.151636,0.053067,0.0199402,0.0287476,0.137616,0.0281952,0.00767822,0.555032,0.039743,0.00971985,0.0778778,0.144803,0.298373,0.0358307,0.0800781,0.029657,0.108032,0.00720215,0.583005,0.0479095,0.085907,0.132321,0.526685,0.145844,0.167212,0.113043,0.023584,0.0263977,0.321613,0.094516,0.393121,0.108081,0.378278,0.0534973,0.105258,0.169528,0.767081,0.0374664,0.000772095,0.0588013,0.101315,0.0241119,0.14773,0.0835358,1,0.0281097,0.050589,0.12626,0.0117798,0.143265,0.107193,0.043454,0.281897,0.100778,0.627658,0.195029,0.0682892,0.296881,0.112936,0.128516,0.0806824,0.0767242,0.121783,0.0361786,0.0504639,0.0242554,0.128571,0.0566467,0.313235,0.0439697,0.00374756,0.0289581,0.0860138,0.307391,0.0943146,0.0249908,0.188333,0.0868561,0.0482849,0.136856,0.0313934,0.0238525,0.313135,0.0595215,0.0181335,0.126337,0.0393677,0.0867127,0.0621582,0.0238525,0.0656219,0.0488709,0.0400726,0.0610413,0.063327,0.402679,0.134838,0.169294
270,0.0223328,0.00550537,0.0844635,0.00576782,0.138678,0.0485931,0.347195,0.0345673,0.163281,0.0242401,0.15766,0.213226,0.0521149,0.0283569,0.153738,0.0947754,0.433026,0.110254,0.0811615,0.106219,0.115475,0.0900543,0.561502,0.0418488,0.12822,0.137357,0.21752,0.0823242,0.0622803,0.0748535,0.0774872,0.0518921,0.0444641,0.237433,0.201483,0.0278809,0.985739,0.0191772,0.140936,0.0153687,0.231555,0.0690887,0.34678,0.0954376,0.0860077,0.184521,0.0902801,0.389078,0.959314,0.145343,0.604434,0.0333862,0.0158447,0.0382141,0.0990509,0.0453552,0.0389343,0.0885132,0.0440491,0.0679627,0.0663849,0.0286041,0.022699,0.0654663,0.0281647,0.0260223,0.0593719,0.00552673,0.24104,0.0987884,0.105789,0.256769,0.00291748,0.150238,0.0553925,0.0871521,0.0915832,0.0856354,0.224042,0.384439,0.0958893,0.0625122,0.0308563,0.0499084,0.0682037,0.0697296,0.165842,0.102869,0.0318359,0.0769501,0.041333,0.032135,0.15025,0.39939,0.0813263,0.1991,0.0764832,0.0182861,0.099588,0.788696,0.140188,0.178329
280,0.0496704,0.0769012,0.0109741,0.105231,0.0513977,0.129709,0.276209,0.0325287,0.23367,0.0096283,0.186108,0.0381531,0.0551758,0.209363,0.0426971,0.0875153,0.108374,0.0640656,0.00428772,0.0492279,0.142575,0.0464813,0.173389,0.0665649,0.110611,0.196109,0.0812561,0.0624878,0.183893,0.0964996,0.04375,0.0784485,0.0285492,0.00508728,0.110605,0.15686,0.157114,0.468646,0.0237915,0.0335754,0.10535,0.231467,0.0679382,0.0112091,0.160349,0.0855316,0.0532806,0.0574371,0.0290771,0.372638,0.560541,0.0457611,0.12594,0.112653,0.147113,0.0508209,0.0542725,0.0702881,0.0268036,0.19881,0.0285095,0.111411,0.0493866,0.0150543,0.0937653,0.113837,0.119525,0.0612579,0.0744629,0.105582,0.0491516,0.101999,0.0161224,0.0496094,0.0544495,0.0535248,0.172647,0.126056,0.172818,0.17858,0.0203979,0.041626,0.0258881,0.0900207,0.0430603,0.0410797,0.111954,0.0343262,0.043689,0.0767365,0.0990051,0.0559692,0.0790832,0.0949188,0.0527344,0.034729,0.179279,0.044455,0.0597076,0.066745,0.0969761,0.0882743
290,0.143149,0.020639,0.0418182,0.214832,0.0496033,0.0260101,0.0614441,0.0282745,0.0851501,0.0832794,0.0401184,0.0803162,0.287125,0.0182556,0.00152893,0.128143,0.0725494,0.0252838,0.0760651,0.105823,0.0555756,0.0434814,0.0507477,0.0923309,0.213916,0.0303711,0.0346344,0.113046,0.1354,0.0335266,0.220825,0.0263763,0.0978851,0.121817,0.00444641,0.149173,0.217108,0.110715,0.0261475,0.0808991,0.088382,0.0381195,0.0583984,0.160855,0.214175,0.110928,0.0351898,0.112241,0.0242462,1,0.0628571,0.080661,0.12226,0.0311768,0.00888367,0.124957,0.0511841,0.0487183,0.0584839,0.0354309,0.109729,0.121643,0.0342255,0.108997,0.0712921,0.0407349,0.118152,0.067337,0.333615,0.128412,0.0357697,0.181253,0.211923,0.0831299,0.09729,0.0236633,0.0201752,0.0274078,0.0911682,0.0651733,0.0379242,0.264453,0.0215454,0.33642,0.0741028,0.113715,0.0127563,0.117871,0.100955,0.00905762,0.107431,0.0241028,0.0230377,0.0703857,0.142804,0.00858154,0.0330811,0.165576,0.0600098,0.1939,0.0980378,0.115459
300,0.0968353,0.0870667,0.0434113,0.0362488,0.0976501,0,0.0841156,0.257516,0.111609,0.14379,0.0752838,0.00607605,0.110965,0.0984985,0.220065,0.0277618,0.211713,0.119495,0.035672,0.0778565,0.131171,0.0536438,0.0478607,0.063913,0.0832245,0.0917542,0.0034729,0.317511,0.126511,0.0946198,0.158408,0.0597138,0.0700165,0.0063324,0.0261658,0.116064,0.246045,0.0793762,0.0540161,0.0842194,0.0266968,0.0929932,0.0976318,0.0588623,0.191568,0.0371948,0.145911,0.116953,0.0484253,0.3909,0.18576,0.0754059,0.0283905,0.120425,0.0498993,0.0261932,0.0699188,0.0593933,0.18848,0.0226288,0,0.0233887,0.0880829,0.15477,0.152377,0.0856598,0.0501495,0.040744,0.0597443,0.0465576,0.119669,0.0439209,0.0617249,0.125171,0.0441162,0.303326,0.161847,0.0914185,0.119656,0.0162292,0.189374,0.0266296,0.0205048,0.0877319,0.323599,0.0707581,0.0957092,0.10105,0.0575684,0.188483,0.121933,0.0700439,0.0186432,0.102158,0.291568,0.0180725,0.127231,0.0957794,0.192953,0.0521362,0.0992977,0.0768583
310,0.0267639,0.0423279,0.0483215,0.0765778,0.235699,0.0571137,0.100162,0.00403442,0.118353,0.497733,0.0722778,0.0327972,0.0771881,0.0467468,0.135062,0.0417633,0.0410126,0.122986,0.208676,0.0141541,0.00249939,0.0225372,0.0165894,0.0595001,0.139124,0.0881317,0.0249634,0.309525,0.258173,0.0669159,0.098465,0.554285,0.00761108,0.337338,0.107178,0.0128571,0.0857147,0.206082,0.0241943,0.0846741,0.166562,0.022171,0.0627075,0.0652191,0.0389984,0.1957,0.0972626,0.0581909,0.0589813,0.047287,0.0510162,0.0388641,0.0280945,0.0570343,0.0986389,0.0549591,0.102139,0.154468,0.164056,0.0524567,0.0936798,0.196564,0.0370026,0.0185944,0.0247375,0.187198,0.0379547,0.0526825,0.00484619,0.0143616,0.166797,0.0285858,0.191946,0.0463409,0.0250763,0.0744781,0.111145,0.00606995,0.0330414,0.0505585,0.0474274,0.207239,0.190515,0.0662781,0.129297,0.0900574,0.305417,0.252484,0.0817566,0.0718018,0.0523437,0.018338,0.103046,0.0385254,0.0350128,0.0546844,0.021936,0.250165,0.165466,0.245572,0.0994994,0.098153
320,0.0449036,0.02854,0.26283,0.157651,0.0614868,0.0262726,0.140421,0.258044,0.109476,0.0458435,0.0194977,0.034729,0.0713806,0.0312073,0.198956,0.169232,0.120007,0.0963684,0.0691284,0.0536774,0.0298462,0.252774,0.0824799,0.0540466,0.00473022,0.00386353,0.0953827,0.227679,0.0189178,0.04245,0.008255,0.985165,0.0273743,0.0572083,0.148401,0.0217804,0.223831,0.219748,0.099295,0.0542908,0.0447113,0.0703491,0.0511047,0.0375427,0.120105,0.0609375,0.124127,0.254379,0.0387054,0.147833,0.0347687,0.0427216,0.0984924,0.00575562,0.157397,0.204764,0.0741913,0.0605774,0.0277527,0.213184,0.0906616,0.0284668,0.0308594,0.0419037,0.220712,0.0430847,0.211996,0.151224,0.101575,0.0801483,0.148077,0.00397339,0.0721008,0.0839111,0.0806305,0.0730682,0.0493408,0.0153473,0.016394,0.253592,0.0249207,0.173404,0.0789642,0.0569428,0.0374725,0.00632935,0.203094,0.0523407,0.048111,0,0.102499,0.248807,0.091687,0.0883545,0.231409,0.03237,0.044043,0.0484161,0.0449219,0.0423798,0.099801,0.115715
330,0.0514252,0.133859,0.0995606,0.125211,0.0929932,0.0756409,0.0480255,0.124866,0.00649414,0.0674591,0.0891083,0.116138,0.145184,0.104935,0.0293762,0.0826019,0.175256,0.0515778,0.155817,0.144537,0.196494,0.0603699,0.0603088,0.0673126,0.245639,0.0871155,0.0721771,0.243994,0.0168518,0.0444519,0.154745,0.215945,0,0.0249237,0.0289307,0.131363,0.170776,0.241992,0.0421021,0.0384155,0.0124084,0.0700165,0.168765,0.194672,0.259283,0.16788,0.113327,0.0583405,0.111423,0.0494568,0.162408,0.0905212,0.0697601,0.0149475,0.539929,0.0700378,0.0662262,0.301099,0.0210022,0.143427,0,0.0559113,0.039505,0.0632965,0.0374054,0.0259155,0.0447174,0.0640839,0.150513,0.0218719,0.0157776,0.116968,0.211377,0.103317,0.0829254,0.222092,0.0586761,0.141736,0.0393799,0.0446136,0.281888,0.0644135,0.0669189,0.0928406,0.0654663,0.340494,0.226779,0.0348328,0.179855,0.423456,0.0248566,0.153918,0.197971,0.0864716,0.0292847,0.0615692,0.0122223,0.106277,0.0323822,0.153543,0.109244,0.0915933
340,0.235605,0.0370758,0.0798218,0.0956024,0.0631775,0.0550598,0.165372,0.246115,0.0407349,0.102679,0.0294128,0.147333,0.0703522,0.0343536,0.192081,0.0903503,0.0124847,0.127423,0.0504303,0.106427,0.179953,0.0071991,0.103702,0.110526,0.435059,0.195248,0.473096,0.00134277,0.102454,0.125784,0.126227,0.148203,0.0487793,0.0406067,0.0921631,0.100647,0.0891083,0.155234,0.0487061,0.018219,0.152725,0.0810944,0.1086,0.136282,0.0658234,0.0778229,0.202722,0.167505,0.0953125,0.0693878,0.212128,0.0552216,0.280029,0.00039978,0.0990418,0.0576965,0.0683777,0.144986,0.038858,0.22139,0.0288879,0.0121033,0.039447,0.0461151,0.0210266,0.0244415,0.219913,0.0584015,0.0894012,0.0208008,0.0551453,0.023996,0.332596,0.0654114,0.274438,0.200641,0.031366,0.151791,0.0649231,0.160129,0.00643005,0.0938904,0.0298401,0.125879,0.0822662,0.310846,0.0264099,0.172083,0.0635132,0.474875,0.177701,0.0581116,0.0747162,0.0743195,0.0985077,0.035611,0.0333588,0.0393738,0.0555511,0.16698,0.110408,0.0951187
350,0.254886,0.164426,0.270654,0.0837158,0.238812,0.320599,0.0442871,0.191278,0.095993,0.120172,0.0773071,1,0.00870666,0.192123,0.0754883,0.0198425,0.119189,0.0721741,0.0462921,0.00426941,0.104578,0.0110748,0.0477509,0.0258575,0.129697,0.0199341,0.0708527,0.0518036,0.0619598,0.0750092,0.0535583,0.0716766,0.147336,0.0280426,0.0654694,0.0524048,0.107532,0.279456,0.30629,0.00226135,0.00858154,0.171692,0.129001,0.0772095,0.124716,0.0898956,0.154669,0.0295105,0.0733917,0.0675476,0.0425415,0.0218964,0.0347443,0.0886719,0.543665,0.341232,0.140277,0.111322,0.0399139,0.405493,0.163709,0.0247986,0.0503479,0.0817932,0.616422,0.111823,0.0844025,0.207822,0.129004,0.0194275,0.0106598,0.0457642,0.0378387,0.0838623,0.102847,0.31181,0.0610382,0.175879,0.0230042,0.0551666,0.0714233,0.140207,0.0617706,0.0391632,0.00127563,0.0167358,0.069989,0.268332,0.0313019,0.159885,0.108429,0.269122,0.0206635,0.0697601,0.0396698,0.108139,0.0803589,0.0169128,0.216382,0.0315704,0.120272,0.140851
360,0.235107,0.0438232,0.0356415,0.0681793,0.132291,0.0657196,0.0396271,0.048349,0.042981,0.170169,0.0392487,0.916974,0.0172455,0.141458,0.162393,0.0892395,0.158688,0.00938416,0.0302185,0.0549255,0.11427,0.111807,0.111386,0.148459,0.119571,0.16337,0.0799774,0.0598785,0.0319672,0.0502258,0.00691528,0.102295,0.155789,0.131677,0.109866,0.0928009,0.0519745,0.0388062,0.285663,0.0723938,0.4702,0.0115326,0.149042,0.202216,0.107443,0.00927124,0.233948,0.0117188,0.0377136,0.0969574,0.0574493,0.0038208,0.0872192,0.215305,0.105685,0.0717316,0.038736,0.0929138,0.137378,0.0960327,0.0444092,0.0249939,0.0701935,0.0633972,0.0827332,0.0435791,0.204007,0.00283203,0.10885,0.0030365,0.104501,0.0421204,0.0185455,0.109515,0.0295837,0.217365,0.0923431,0.0660004,0.178253,0.0110077,0.097821,0.0153809,0.285068,0.135928,0.0191589,0.0396545,0.0344391,0.154529,0.0726746,0.0359192,0.377078,0.126849,0.0764801,0.203268,0.127765,0.070871,0.000820923,0.102481,0.0288605,0.0171234,0.103165,0.114885
370,0.109439,0.0594513,0.0962128,0.102991,0.185809,0.220309,0.0326843,0.0166077,0.0247711,0.208029,0.234424,0.0455231,0.0496613,0.0284851,0.15708,0.123846,0.0845612,0.0927948,0.171426,0.20126,0.264487,0.21875,0.0281616,0.0292908,0.00418701,0.0931275,0.113995,0.0829407,0.11243,0.113916,0.0242737,0.207605,0.0909332,0.010675,0.0723084,0.0361572,0.0931396,0.0476227,0.0562531,0.0968811,0.0340332,0.0183502,0.134604,0.0494598,0.114288,0.508865,0.0952789,0.108075,0.0742798,0.0157288,0,0.0761444,0.0371796,0.0968079,0.277939,0.078186,0.0697662,0.169855,0.0267578,0.0659424,0.0322083,0.247632,0.185074,0.115823,0.0439484,0.154181,0.176047,0.0843964,0.0085022,0.0465759,0.0444275,0.127029,0.0551605,0.199594,0.00799866,0,0.0905029,0.0503784,0.0558807,0.0754334,0.148434,0.123541,0.0106049,0.0586639,0.111932,0.00528564,0.0699799,0.0278198,0.0712952,0.0392548,1,0.0420197,0.00369263,0.0695496,0.0636047,0.0889465,0.0392548,0.289496,0.103955,0.00628662,0.102685,0.120914
380,0.0598633,0.0678223,0.169186,0.0478485,0.0703064,0.513806,0.432251,0.166431,0.100821,0.026355,0.0479065,0.125006,0.0441803,0.137845,0.0617828,0.0338074,0.318576,0.145905,0.0232819,0.0606415,0.239798,0.105676,0.0766937,0.0715179,0.0123413,0.0733765,0.0147644,0.0624176,0.0785187,0.163309,0.0935181,0.000930786,0.0948853,0.0672394,0.0361023,0.0667816,0.000997925,0.00757446,0.0972504,0.270209,0.255511,0.0578644,0.110049,0.0155518,0.0284851,0.0752624,0.0321716,0.117007,0.0333923,0.0456329,0.0523956,0.080481,0.0267303,0.117712,0.0301971,0.108423,0.0695435,0.0894684,0.0398041,0.0758026,0.02565,0.056778,0.146054,0.0550324,0.12988,0.0405182,0.0375336,0.150598,0.072821,0.171497,0.0244324,0.0745819,0.0517914,0.0702454,0.221533,0.0379639,0.183405,0.163934,0.0194092,0.172769,0.281757,0.066333,0.0278839,0.0797333,0.0190948,0.189545,0.036615,0.0358124,0.121021,0.147488,0.31091,0.0996521,0.147659,0.0461395,0.0889709,0.049118,0.0757019,0.0679321,0.0024353,0.0170013,0.0956624,0.0877434
390,0.0280029,0.0787659,0.13327,0.0971832,0.0214569,0.112967,0.334879,0.436224,0.086142,0.0330872,0.138904,0.0316528,0.198325,0.0157867,0.031308,0.0412445,0.0366455,0.0980804,0.260349,0.0665955,0.00722351,0.27894,0.225946,0.0594086,0.0589935,0.0782593,0.217093,0.180701,0.0431274,0.208878,0.0119995,0.00148926,0.104385,0.0600433,0.135144,0.103452,0.0678589,0.100287,0.0841125,0.0645325,0.0688202,0.0794617,0.059436,0.0614166,0.116327,0.188675,0.153592,0.0405273,0.00207214,0.0286804,0.0476868,0.0902771,0.0710724,0.0215027,0.0610565,0.0376465,0.129593,0.0759979,0.0757477,0.199567,0.110721,0.030719,0.0534546,0.349564,0.0174744,0.0580658,0.0590668,0.0576294,0.252151,0.0164795,0.263226,0.0277466,0.12767,0.0321747,0.263644,0.0425842,0.371814,0.210443,0.120541,0.265103,0.0892456,0.037854,0.0435272,0.0439392,0.0181732,0.0948029,0.170065,0.043338,0.079126,0.0689392,0.0384003,0.14426,0.139691,0.0367676,0.0756317,0.154993,0.0460388,0.0532257,0.0273743,0.0492859,0.101669,0.0884251
400,0.13389,0.00505066,0.0604614,0.0337341,0.159253,0.0134857,0.162732,0.14722,0.0259247,0.2069,0.0589966,0.0930725,0.0428375,0.0360779,0.0549988,0,0.0735352,0.0446533,0.0150543,0.103995,0.0386322,0.0439911,0.0717346,0.220831,0.496905,0.0732483,0.0638885,0.183633,0.0333374,0.0348175,0.0350006,0.462936,0.0559113,0.0770081,0.268478,0.147791,0.105618,0.0905365,0.0724945,0.0800079,0.086795,0.0918793,0.137067,0.0488342,0.035968,0.0544189,0.0557312,0.0329254,0.177078,0.0671204,0.0194244,0.162601,0.0475769,0.0903717,0.0463898,0.128922,0.186801,0.0917938,0.0797882,0.0356384,0.0487244,0.0532013,0.0520935,0.0130127,0.0838226,0.197964,0.18157,0.0403442,0.167554,0.0179565,0.0192719,0,0.0268433,0.0445465,0.134631,0.152911,0.042926,0.871304,0.0332428,0.290433,0.0462311,0.0828308,0.0393921,0.178833,0.0250854,0.0728455,0.0552704,0.0522003,0.16149,0.0317474,0.0509766,0.101428,0.108337,0.0556519,0.04198,0.0943512,0.0135712,0.275922,0.14808,0.107901,0.100223,0.114498
410,0.014151,0.0164612,0.0576904,0.092218,0.156329,0.11434,0.0752869,0.0183807,0.394675,0.0657837,0.0780212,0.0623047,0.233124,0.0974091,0.00907593,0.047641,0.398868,0.0293701,0.797693,0.0438171,0.00733337,0.134741,0.141803,0.0280823,0.0522583,0.175858,0.216537,0.00788879,0.0286194,0.167261,0.185211,0.0545227,0.034848,0.0421448,0.120111,0.0730438,0.0675476,0.0644348,0.096167,0.00961304,0.154572,0.020752,0.0619263,0.00546265,0.0154968,0.0399628,0.0265015,0.0731995,0.0619202,0.0173492,0.0660126,0.0577332,0.332178,0.0189575,0.025473,0.0874817,0.107394,0.121777,0.0562469,0.0932404,0.0938385,0.0401276,0.174878,0.129349,0.132745,0.301801,0.0617523,0.0448792,0.0790741,0.229205,0.037912,0.184055,0.116257,0.0401642,0.0597717,0.107666,0.194513,0.0166443,0.111746,0.139447,0.108069,0.122809,0.0339264,0.289206,0.00536194,0.215363,0.0581451,0.219864,1,0.0285828,0.0480225,0.0348907,0.00515747,0.146545,0.108661,0.00930176,0.0440369,0.0478912,0.0182465,0.0616455,0.108559,0.14092
420,0.0289368,0,0.0668396,0.0195282,0.131857,0.392123,0.0575317,0.0590668,0.0233612,0.0726044,0.0694916,0.0243927,0.937982,0.0712555,0.0864899,0.374661,0.202405,0.165988,0.203503,0.0315765,0.0642822,0.37207,0.146671,0.0333099,0.177563,0.125607,0.0474487,0.169354,0.103387,0.0253204,0.0401093,0.158575,0.186874,0.0368439,0.121646,0.0519257,0.216913,0.245563,0.203726,0.11886,0.23501,0.165259,0.033786,0.0621002,0.105569,0.0347229,0.285953,0.0270844,0.0358887,0.0485901,0.149481,0.0539246,0.00910645,0.0711884,0.0297791,0.0670929,0.106586,0.216226,0.211148,0.0691589,0.311459,0.0300262,0.39119,0.242963,0.0449799,0.0317108,0.156372,0.0186462,0.0744537,0.0289246,0.0205444,0.0110016,0.104617,0.0677612,0.0431793,0.118326,0.0978607,0.0174347,0.0194489,0.0121185,0.0699768,0.17532,0.0820435,0.0671631,0.0584747,0.0325897,0.0969727,0.101526,0.0478973,0.199695,0.0444031,0.0762451,0.0261139,0.0933319,0.0671204,0.04328,0.0618256,0.0938812,0.0359436,0.034375,0.110345,0.122555
430,0.00762329,0.0907715,0.227759,0.111658,0.358978,0,0.465363,0.0319031,0.0189301,0.0826935,0.140234,0.097406,0.289984,0.00437927,0.313184,0.196219,0.0194885,0.119754,0.0869873,0.0587738,0.163977,0.0139862,0.0639801,0.0447662,0,0.0230255,0.0668091,0.0244873,0.0771454,0.140057,0.0637299,0.0499207,0.0926056,0.0394958,0.0826935,0.0461151,0.0516449,0.163617,0.109741,0.0823822,0.0846191,0.0319733,0.148337,0.0353943,0.204062,0.0402985,0.0908386,0.0151703,0.0359436,0.0723084,0.12482,0.191354,0.0303741,0.206766,0.203299,0.121747,0.0702545,0.07883,0.16106,0.0430786,0.120294,0.103793,0.115744,0.139496,0.0377106,0.191422,0.088971,0.0392334,0.0377747,0.215735,0.142438,0.0360077,0.216409,0.0463959,0.0855164,0.0558472,0.0800018,0.226547,0.123425,0.0519226,0.192609,0.0464569,0.0866119,0.0888092,0.0925537,0.0476349,0.0447418,0.0439911,0.134808,0.116772,0.311319,0.0939972,0.0532837,0.0334473,0.0130341,0.320844,0.0541687,0.0349945,0.0501678,0.121896,0.102496,0.0850486
440,0.137671,0.112433,0.110373,0.0492218,0.100296,0.0708801,0.0626312,0.433844,0.0392059,0.171756,0.150385,0.119186,0.0396515,0.0621582,0.0251465,0.0910492,0.268674,0.0207153,0.137204,0.168472,0.0453003,0.0825806,0.138675,0.00985413,0.0115265,0.0772003,0.0501801,0.0282104,0.139853,0.0571594,0.162994,0.0391632,0.3237,0.278198,0.189758,0.0443573,0.0209534,0.0497437,0.0745483,0.0723022,0.280899,0.0498505,0.100937,0.0610382,0.101947,0.0887695,0.0633881,0.0795807,0.037561,0.0351776,0.0589172,0.0420929,0.000506592,0.106143,0.0802307,0.184064,0.156238,0.0500153,0.0513519,0.0585632,0.069043,0.0581757,0.0166199,0.152533,0.0498291,0.0480896,0.0186401,0.0347778,0.0933655,0.201904,0.0270203,0.0157989,0.225357,0.0608612,0.138864,0.862042,0.0232727,0.0135712,0.0904083,0.363647,0.0430664,0.131891,0.219507,0.10596,0.0511597,0.189984,0,0.145627,0.154919,0.0262604,0.108728,0.0433685,0.284851,0.091571,0.0634033,0.0810028,0.0896271,0.0387634,0.119528,0.0546509,0.105622,0.111421
450,0.148663,0.0228149,0.0244171,0.159698,0.0656464,0.187585,0.0704773,0.100226,0.0111481,0.037204,0.132046,0.0627838,0.143765,0.0171967,0.591385,0.0530579,0.0149292,0.0680084,0.00401001,0.170392,0.0495666,0.282181,0.266882,0.0488678,0.0327911,0.0791138,0.141925,0.241971,0.0218597,0.0424255,0.0179626,0.0434265,0.00733643,0.0612335,0.0474884,0.0245239,0.149979,0.110443,0.160699,0.0919006,0.0161316,0.380768,0.0610962,0.237817,0.10813,0.0641998,0.119321,0.063266,0.268027,0.123157,0.110263,0.116092,0.149503,0.112131,0.0065979,0.224597,0.0602234,0.0617645,0.0241577,0.0509522,0.0434662,0.023349,0.268634,0.0613434,0.0905151,0.339859,0.0613831,0.0672333,0.0240845,0.0996368,0.0340576,0.0233551,0.0808136,0.070575,0.0346558,0.246982,0.178394,0.0463165,0.0737152,0.0495605,0.00960083,0.116925,0.0741394,0.104352,0.0462555,0.0270996,0.0849274,0.0418884,0.0269623,0.114542,0.0876068,0.0854858,0.0962921,0.0382141,0.0360291,0.00269775,0.158698,0.199176,0.103738,0.000796509,0.0973958,0.0927492
460,0.0826386,0.0568512,0.00824585,0.00714111,0.152908,0.0912994,6.41E-05,0.0260223,0.143787,0.284384,0.111533,0.0296204,0.0892639,0.104706,0.575873,0.044162,0.0677917,0.386649,0.00633545,0.031427,0.0779663,0.088623,0.0591187,0.0290924,0.0491089,0.115866,0.0959107,0.0792816,0.0548859,0.212384,0.0116669,0.139246,0.166266,0.11011,0.325104,0.0797119,0.401334,0.185672,0.0658356,0.129901,0.0823181,0.0100922,0.0475464,0.161725,0.197009,0.0671722,0.14176,0.111752,0.0399414,0.193835,0.102386,0.0312897,0.0572479,0.0666565,0.0787109,0.10564,0.13483,0.10368,0.0583099,0.209375,0.0437988,0.116162,0.143472,0.0602539,0.249783,0.072171,0.0954834,0.487192,0.00317993,0.153763,0.0612091,0.0363892,0.0772766,0.0703888,0.073172,0.0206207,0.00779419,0.119022,0.184119,0.158542,0.305209,0.0630157,0.0920471,0.00594788,0.00540161,0.0351715,0.0460358,0.0916107,0.0551331,0.203278,0.191537,0.0770538,0.024292,0.0463593,0.105392,0.273029,0.218887,0.139822,0.101068,0.1716,0.112647,0.10137
470,0.0228943,0.00614319,0.185156,0.345319,0.0789459,0.0256012,0.183453,0.255365,0.0396912,0.0571869,0.0275909,0.0477448,0.0215393,0.258817,0.036673,0.00171204,0.32128,0.0847168,0.0970764,0.0489227,0.125491,0.0122711,0.0868073,0.138666,0.15177,0.119662,0.0225189,0.235336,0.115991,0.142984,0.284698,0.133902,0.0873993,0.00820923,0.37872,0.0534821,0.0505035,0.14964,0.108533,0.00630493,0.0298157,0.0539551,0.0700714,0.0427673,0.0661438,0.0811035,0.156293,0.0994293,0.0395721,0.0665344,0.00949707,0.116626,0.0982086,0.0463165,0.0322144,0.100858,0.122641,0.00515137,0.0485931,0.0448761,0.154523,0.10127,0.0196503,0.0788391,0.149506,0.0389404,0.0345917,0.0699829,0.185486,0.00604248,0.09422,0.101822,0.284671,0.0415375,0.276971,0.22814,0.171692,0.0248138,0.0537598,0.0618134,0.117444,0.141324,0.0640869,0.0263123,0.273724,0.0152344,0.113223,0.142166,0.109308,0.0106079,0.154562,0.0235809,0.0666473,0.019162,0.0267761,1,0.0967804,0.010907,0.214377,0.132922,0.108268,0.123035
480,0.00485229,0.0529694,0.0285492,0.0758362,0.00481262,0.342731,0.064328,0.0666718,0.265256,0.0128448,0.0399811,0.234018,0.0201202,0.00615234,0,0.0276123,0.051767,0.150903,0.0244873,0.118945,0.0660553,0.0749115,0.0728271,0.333289,0.0720917,0.183157,0.0636322,0.110989,0.0351166,0.017334,0.0468781,0.203589,0.347247,0.237094,0.0559875,0.0857361,0.105322,0.0497681,0.226349,0.0077301,0.00830994,0.124396,0.0615845,0.0301636,0.0282928,0.0325867,0.0836639,0.130267,0.0274719,0.037384,0.0230957,0.154059,0.168289,0.0221649,0.0260651,0.190793,0.00755005,0.0753937,0.0117767,0.0167908,0.209048,0.0328186,0.112952,0.250525,0.0606079,0.20585,0.128195,0.0287018,0.0470459,0.0314728,0.279178,0.105612,0.0558105,0.0840179,0.141351,0.177176,0.0449524,0.161761,0.0534424,0.354602,0.0800262,0.160583,0.0524536,0.094812,0.0400909,0.0738861,0.0244659,0.55191,0.179575,0.0479034,0.164648,0.0450745,0.0813049,0.111536,0.0616241,1,0.0574799,0.0642883,0.216928,0.10498,0.110267,0.131568
490,0.139737,0.283371,0.251578,0.219043,0.101248,0.110699,0.0258148,0.127759,0.00617065,0.103949,0.170874,0.282681,0.0390839,0.212228,0.0536499,0.0392273,0.040683,0.151923,0.0412323,0.298987,0.228323,0.0454376,0.0400848,0.251859,0.0035614,0.215494,0.0453735,0.16506,0.135022,0.048584,0.0161346,0.0115417,0.00301819,0.0417419,0.0135406,0.133588,0.0301819,0.0704102,0.316968,0.00926819,0.188538,0.146433,0.00266113,0.0779602,0.0594116,0.0764374,0.0710144,0.028537,0.0431549,0.198151,0.297177,0.0674225,0.0999725,0.0963562,0.0232574,0.131528,0.116739,0.125586,0.102737,0.177469,0.0919373,0.30553,0.0538727,0.01987,0.0643768,0.0876343,0.00253601,0.128183,0.0208191,0.118735,0.0708038,0.00988464,0.082486,0.146478,0.0813232,0.156116,0.0343567,0.00620422,0.317404,0.0472351,0.0209473,0.0149048,0.0242767,0.166092,0.139392,0.0419891,0.144803,0.314117,0.0625671,0.402341,0.0575073,0.109436,0.287183,0.0166382,0.0263,1,0.0209259,0.0250732,0.123264,0.0642456,0.115635,0.128483
500,0.20531,0.124603,0.107556,0.0691864,0.0642456,0.0243286,0.10636,0.0654419,0.0375549,0.0306335,0.0288635,0.0471649,0.0133545,0.0427582,0.0624512,0.013446,0.275098,0.127567,0.0903412,0.0406311,0.0154541,0.132294,0.106363,0.193332,0.0932373,0.0254334,0.172205,0.047699,0.078717,0.186276,0.0200836,0.0350952,0.054068,0.0921204,0.1552,0.190829,0.0437073,0.0405396,0.188608,0.0526978,0.0825378,0.160797,0.0118591,0.231473,0.0561615,0.103387,0.0474915,0.112607,0.00892944,0.0473083,0.0104279,0.0775055,0.279425,0.0426209,0.0111053,0.0334381,0.043808,0.0700256,0.0250305,0.195682,0.0688721,0.0225983,0.213602,0.297278,0.0751862,0.0527161,0.00498962,0.136633,0.08143,0.0814667,0.0498657,0.106497,0.167557,0.340353,0.0301453,0.0525482,0.0323547,0.0591522,0.0246765,0.085025,0.0120087,0.0140228,0.0943542,0.0701202,0.120346,0.0430969,0.0782776,0.172211,0.0515839,0.39957,0.0129059,0.302518,0.125381,0.0546112,0.0375763,0.586237,0.195132,0.0874237,0.00628357,0.0729797,0.0967206,0.0940259
510,0.122797,0.00256348,0.0729797,0.172159,0.121411,0.0925446,0.267004,0.0409271,0.107919,0.075235,0.0139465,0.02966,0.0508057,0.0359375,0.0814911,0.0199463,0.231036,0.0472717,0.257709,0.0310242,0.0835327,0.0813721,0.148874,0.164673,0.0869659,0.124292,0.0223083,0.0211914,0.0365967,0.0568878,0.00595703,0.124197,0.046228,0.0422211,0.12222,0.071521,0.151794,0.0691925,0.0821991,0.037262,0.018335,0.0344543,0.0390411,0.433539,0.150476,0.0828369,0.243835,0.0495789,0.015448,0.182416,0.0231567,0.0526794,0.0684998,0.147076,0.0470825,0.0205139,0.111313,0.0558105,0.235892,0.0449036,0.017688,0.0225769,0.0446228,0.0397034,0.210446,0.0495789,0.0670288,0.0428436,0.23255,0.0132568,0.0294189,0.0814026,0.00904846,0,0.0479828,0.197339,0.0961487,0.090564,0.0927551,0.0794434,0.0701233,0.00917053,0.0258545,0.0519745,0.0787445,0.123776,0.119302,0.125192,0.0102966,0.0943512,0.106277,0.143234,0.441379,0.0349762,0.0447754,0.240259,0.0482483,0.273602,0.0357697,0.101309,0.0915376,0.083297
520,0.070227,0.0682373,0.0253418,0.105609,0.0924805,0.075415,0.130841,0.0293152,0.0697266,0.155127,0.104962,0.0576721,0.0564636,0.117657,0.0302917,0.04328,0.161255,0.31571,0.0905518,0.0677612,0.0458191,0.0598206,0.0719238,0.40744,0.0842773,0.0274353,0.330939,0.174817,0.0143372,0.0679749,0.0953308,0.0282166,0.0539612,0.0263733,0.431757,0.306628,0.0946045,0.201501,0.14743,0.0434692,0.00935059,0.140002,0.0140625,0.268207,0.0829468,0,0.0177185,0.0438965,0.0820068,0.0345154,0.256665,0.0289917,0.00965576,0.0617249,0.0038208,0.200476,0.000482178,0.14137,0.166913,0.0751282,0.18523,0.113489,0.26189,0.0432434,0.194238,0,0.028186,0.0604004,0.353516,0.287091,0.130255,0,0.0879028,0.229938,0.0216187,0,0.0541748,0.0943726,0.138342,0.0592712,0.0893921,0.189893,0.233337,0.161469,0.119995,0.494012,0.104163,0.183868,0.0467773,0.0210449,0.0911316,0.151654,0.18006,0.113324,0.0356018,0.0536621,0.257837,0.0319946,0.263171,0.0260681,0.114115,0.103036
530,0,0.282355,0.0329834,0.0212402,0.054364,0.0273804,0.237701,0.043988,0.0215332,0.0193909,0.0602844,0.000585938,0.14295,0.0609131,0.116577,0.12569,0.0424866,0.230591,0.0810547,0.138348,0.178491,0.248456,0.172131,0.0383057,0.177588,0.0375732,0.0770264,0.000402832,0.259052,0.0679138,0.0256042,0.0302551,0.0119812,0.119171,0.0565674,0.162939,0.0742371,0.689362,0.0328979,0.0426208,0.0272217,0.0573547,0.0695129,0.233978,0.0719055,0.0440979,0.0534607,0.0498169,0.0263977,0.0651916,0.0108887,0.0342773,0.0437012,0.015564,0.0773682,0.25907,0.0786743,0.193774,0.064093,0.0385254,0.148657,0.427991,0.0590576,0.203748,0.209039,0.0528809,0.134766,0.0719604,0.097876,0.180554,0.570386,0.187146,0.128625,0.19306,0.128314,0.201123,0.0390198,0.181891,0.02724,0.0078064,0.0155151,0.0508728,0.0350098,0.143451,0.248578,0.887524,0.269135,0.236719,0.141797,0.0199707,0.127686,0.0427002,0.303137,0.0802002,0.0215759,0.114771,0.292169,0.18678,0.198071,0.0123718,0.12437,0.138111
540,0.0848877,0.0178467,0.00874024,0.0726563,0.188843,0.187122,0.0298889,0.21062,0.101862,0.0158142,0.069043,0.0221863,0.0311157,0.0378357,0.0263611,0.0234192,0.167572,0.0514465,0.0140259,0.131586,0.225775,0.0135437,0.100983,0.0283813,0.114966,0.015509,0.0347412,0.2815,0.0382874,0.0505798,0.0422607,0.0466797,0.0841858,0.0227783,0.036377,0.29696,0,0.122351,0.0988342,0.126099,0.342938,0.0877747,0.0505615,0.000714111,0.0263489,0.242078,0.262787,0.017926,0.0417725,0.152252,0.0736816,0.0414246,0.162781,0.0200989,0.0417358,0.120465,0.208734,0.108527,0.00783691,0.0913513,0.013147,0.159985,0.0712952,0.138184,0.0332031,0.0910706,0.0310181,0.271338,0.0994385,0.0492004,0.0274414,0.0322449,0.0226807,0.0420959,0.029364,0.321179,0.261261,0.0968994,0,0.219299,0.0943848,0.0284668,0.0786438,0.12207,0.092627,0.0592957,0.10575,0.147864,0.00377808,0.134711,0.0138611,0.000958252,0.142371,0.0975525,0.16275,0.129749,0.227698,0.0318542,0.0447998,0.166321,0.092713,0.0819185
550,0.175977,0.0658325,0.0566589,0.281354,0.0447937,0.0137512,0.221698,0.0877197,0.045575,0.10918,0.0197327,0.0966492,0.0175232,0.0233276,0.015509,0.544983,0.308844,0.0814148,0.081488,0.0643738,0.208844,0.0411804,0.0783936,0.0874329,0.200867,0.0721497,0.0272827,0.150018,0.255011,0.114154,0.00825195,0.0945496,0.0297302,0.162146,0.217511,0.0179199,0.061731,0.140375,0.0351624,0.0126831,0.15058,0.0230042,0.0193054,0.0134766,0.0917969,0.177625,0.147644,0.015802,0.111707,0.0341614,0.168945,0.0268616,0.0672363,0.0257202,0.0390991,0.0197876,0.112323,0.0653503,0.106891,0.0872742,0.12793,0.0363647,0.0651672,0.246545,0.183008,0.00166626,0.0486816,0.221814,0.0399536,0.0822327,0.135791,0.02099,0.0502014,0.120776,0.0295349,0.16297,0.057196,0.0275208,0.0564392,0,0.240631,0.103479,0.092865,0.222742,0.162561,0.0671753,0.0567017,0.0463684,0.0421814,0.171057,0.141663,0.0503357,0.0973633,0.0315918,0.0301514,0.0761108,0.0945801,0.134039,0.0893372,0.311829,0.0985391,0.0864356
560,0.111688,0.0643799,0.0722229,0.0962952,0.10592,0.0691528,0.133984,0.0693298,0.309509,0.165643,0.134802,0.080188,0.0255066,0.02229,0.286957,0.0381165,0.0358704,0.129071,0.185132,0.062439,0.150104,0.211743,0.0292297,0.0988831,0.0799561,0.131445,0.06203,0.0948669,0.0453369,0.0318787,0.0493103,0.262506,0.169782,0.108618,0.0830017,0.0414734,0.0534058,0.0441223,0.0297913,0.0886597,0.104492,0.00311279,0.0204163,0.0623108,0.0699585,0.0875916,0.0306396,0.331397,0.174823,0.22157,0.0203064,0.0399963,0.0500793,0.0029541,0.153131,0.13761,0.0673462,0.0134399,0.0278015,0.07146,0.0458984,0.0419617,0.0454773,0.0175171,0.11825,0.0439087,0.269666,0.101123,0.0342346,0.14602,0.0742798,0.0282227,0.132501,0.13653,0.0637451,0.00625,0.0789795,0.172388,0.161212,0.0339966,0.109979,0.150714,0.0484924,0.0855957,0.0691345,0.25451,0.308063,0.0755432,0.0502319,0.0492798,0.0606934,0.0540283,0.0307739,0.0166992,0.0149231,0.0301086,0.240692,0.171063,0.153784,0.102631,0.0958418,0.0748656
570,0.0282043,0.0425232,0.108423,0.185199,0.0429443,0.163336,0.0493103,0.023053,0.0342468,0.553503,0.0458069,0.147815,0.130133,0.104822,0.364526,0.208893,0.0295776,0.0471008,0.0927856,0.0762024,0.135126,0.233496,0.0109802,0.058429,0.12337,0.0760376,0.287665,0.0304321,0.00604248,0.0767273,0.10694,0.053009,0.126678,0.208423,0.112567,0.0824036,0.00814209,0.129761,0.0731628,0.104614,0.0485657,0,0.074646,0.0181396,0.200397,0.0967712,0.173602,0.179974,0.0533508,0.0271545,0.156055,0.0411377,0.0912964,0.0681213,0.189252,0.0690308,0.00123901,0.0485413,0.0481628,0.177917,0.05979,0.190497,0.0407288,0.00643921,0.0155212,0.0267822,0.200763,0.156677,0.0707031,0.0659668,0.0886536,0.127618,0.0281372,0.0411804,0.0565857,0.0136536,0.243494,0.0124146,0.033252,0.116632,0.0234863,0.00299683,0,0.0185608,0.0572754,0.124316,0.0159912,0.02323,0.0395691,0.196289,0.0318848,0.106567,0.0677612,0.063208,0.0879578,0.0338562,0.137952,0.171899,0.138477,0.0705688,0.092931,0.0845136
580,0.07276,0.0351196,0.151758,0.113678,0.0522888,0.0634399,0.0696228,0.0390076,0.0363403,0.451093,0.0279297,0.136639,0.192322,0.0179871,0.00903931,0.0606567,0.0578491,0.108716,0.060791,0.0345764,0.221136,0.0871399,0.0152893,0.15033,0.0452454,0.0633606,0.0423401,0.0232117,0.0488159,0.164313,0.0549194,0.0398071,0.0551636,0.171094,0.120984,0.168451,0.0357849,0.0611572,0.0843384,0.139056,0.0258789,0.0683716,0.00592041,0.0889526,0.0726074,0.244897,0.0950378,0.0268311,0.112762,0.275061,0.0695374,0.0724121,0.0436829,0.206152,0.0401672,0.147583,0.251996,0.0568542,0.10589,0.107922,0.173755,0.0152832,0.180286,0.223895,0.101227,0.0621582,0.0253357,0.0158142,0.0238342,0.0253784,0.0915222,0.06297,0.0280701,0.0403198,0.0769104,0.101813,0.170532,0.00976562,0.0614075,0.0580566,0.317163,0.0593811,0.0215271,0.0661133,0.103235,0.0170288,0.0507507,0.0887146,0.0622498,0.0719177,0.286322,0.0486633,0.0255432,0.221722,0.0458557,0.273706,0.04151,0.058136,0.00126343,0.0252258,0.0913643,0.0798881
590,0.033783,0.0858948,0.209283,0.0405945,0.0631958,0.267572,0.18858,0.044696,0.24538,0.0185059,0.0884766,0.137274,0.226849,0.224756,0.0409668,0.0470398,0.0687805,0.103198,0.0706482,0.0799439,0.0682617,0.109021,0.301312,0.203247,0.0567017,0.213751,0.263452,0.0702698,0.154114,0.0296204,0.2474,0.149701,0.0187561,0.0183044,0.0414612,0.123041,0.219122,0.00432739,0.393463,0.0353027,0.0540344,0.0817566,0.04823,0.0549561,0.32818,0.111139,0.151642,0.089856,0.219098,0.0777527,0.0686584,0.0686584,0.0681763,0.0921631,0.0784973,0.107111,0.0419922,0.0447632,0.0305603,0.0232239,0.181683,0.246014,0.0621765,0.240253,0.194281,0.0489929,0.519745,0.197375,0.0335693,0.38808,0.0057373,0.0220947,0.0147949,0.030658,0.0660461,0.108508,0.205524,0.00484009,0.0825073,0.0410828,0.0750122,0.0300537,0.202344,0.118579,0.0745911,0.056842,0.119141,0.225488,0.0355591,0.108667,0.100513,0.0746033,0.0104553,0.201123,0.0318298,0.0468079,0.0675354,0.101025,0.0614258,0.0487854,0.113308,0.0966036
600,0.0758057,0.104822,0.0401611,0.0476746,0.057959,0.0652954,0.164917,0.127942,0.312433,0,0.0334839,0.305646,0.146838,0.0687866,0.0630798,0.122949,0.210394,0.0282166,0.0556396,0.235669,0.133704,0.165381,0.0602234,0.0452148,0.259735,0.0215393,0.0932861,0.0434692,0.0184998,0.099646,0.0735718,0.0806274,0.0658203,0.0449707,0.110553,0.0134583,0.0209778,0.083429,0.174194,0.203009,0.096405,0.0602661,0.0316467,0.232104,0.0851563,0.326093,1,0.0312683,0.05177,0.0251465,0.0132507,0.366626,0.0283386,0.027832,0.016333,0.0569153,0.0434875,0.0440002,0.16236,0.119098,0.0293396,0.0931274,0.514606,0.0529968,0.303015,0.512036,0.236249,0.0677368,0.0606201,0.0313599,0.0901367,0.341693,0.0684143,0.0356628,0.0307068,0.0340942,0.044696,0.253894,0.0649292,0.0577209,0.277527,0.0987793,0.0187439,0.090979,0.0389893,0.101349,0.0638184,0.27467,0.0862244,0.0797302,0.601788,0.229449,0.0847107,0.135584,0.0836121,0.0544128,0.0899536,0.212885,0.0886658,0.153424,0.126854,0.144309
610,0.125751,0.0956421,0.243463,0.00213013,0.174036,0.040448,0.200629,0.121344,0.0150879,0.122852,0.0289429,0.159619,0.128046,0.014801,0.268268,0.142273,0.355292,0.202081,0.101715,0.049292,0.0713623,0.0467773,0.0331543,0.0181091,0.106598,0.00881348,0.34292,0.299847,0.211334,0.0342529,0.0753723,0.0147339,0.0568604,0.123523,0.0380981,0.0642456,0.0273743,0.009552,0.391119,0.113135,0.0912842,0.103394,0.0442444,0.0338379,0.0222839,0.135126,1,0.138623,0.0329468,0.0668518,0.0348145,0.105847,0.0504517,0.0592102,0.0836243,0.00830078,0.0458069,0.150079,0.0645325,0.0187439,0.119305,0.0604248,0.13869,0.0397827,0.418951,0.0164368,0.0232117,0.0147522,0.316559,0.104749,0.10954,0.0984375,0.27074,0.00919189,0.0559998,0.02276,0.0328552,0.0965759,0.122626,0.0722412,0.188483,0.0812439,0.0480469,0.0392822,0.018634,0.0670532,0.13493,0,0.162018,0.0664185,1,0.0730957,0.0427002,0.0835571,0.138708,0.0517395,0.0371826,0.0871399,0.109247,0.0119873,0.115542,0.154706
620,0.124731,0.0392578,0,0.893762,0.0348145,0.0246033,0.0545288,0.119208,0.174036,0.0921631,0.0697449,0.0528198,0.05802,0.0143066,0.0734131,0.204126,0.0179443,0.139087,0.0577942,0.00425415,0.0154602,0.088208,0.262,0.216083,0.178131,0.330811,0.0376404,0.139307,0.260834,0.0841003,0.0408325,0.0617798,0.216864,0.0381653,0.049353,0.0810974,0.00698853,0.230463,0.167926,0.0566711,0.0267944,0.239874,0.248639,0.0912231,0.150403,0.133624,0.529541,0.0768311,0.0758545,0.0104126,0.0791321,0.804767,0.0525574,0.219043,0.0410095,0.0083252,0.0911865,0.127216,0.243958,0.0681824,0.903424,0.0200867,0.165222,0.0299744,0.224146,0.25791,0.184247,0.0787598,0.00635986,0.0403748,0.029425,0.154065,0.0763123,0.162756,0.0467957,0.114142,0.0970886,0.0413757,0.0288879,0.125134,0.19057,0.0935303,0.164606,0.111218,0.0520142,0.0784241,0.105261,0.169226,0.153821,0.0190491,0.142334,0.198529,0.200098,0.0682678,0.17522,0.0276672,0.0936157,0.0015564,0.163574,0.108038,0.13233,0.156065
630,0.025824,0.08172,0.140411,0.92099,0.0713867,0.0172913,0.0943115,0.0322571,0.13429,0.0327148,0.00487671,0.117719,0.213098,0.0314392,0.0558167,0.0141724,0.0688721,0.347052,0.014978,0.138629,0.23429,0.0590271,0.0760986,0,0.039978,0.0971497,0.0693848,0.0524109,0.0715454,0.056073,0.066394,0.165552,0.0560608,0.0582581,0.00731812,0.126196,0.010553,0.130164,0.0821655,0.070636,0.0252258,0.0467468,0.0700561,0.0891418,0.108228,0.0583435,0.0401001,0.0017334,0.0751526,0.0765686,0.0558655,0.110065,0.109802,0.0351624,0.114508,0.0640869,0.30899,0.0934082,0.0390381,0.187219,0.290869,0.0105225,0.169507,0.234906,0.143481,0.0211548,0.0757446,0.481323,0.106372,0.0355286,0.185388,0.334857,0.0509827,0.0950867,0.0360046,0.213947,0.0962341,0.0207581,0.106091,0.204871,0.140479,0.0207825,0.0566772,0.107025,0.0494263,0.142889,0.0541687,0.145715,0.235358,0.0268738,0.271393,0.102692,0.0155334,0.078479,0.00744019,0.183044,0.559833,0.108154,0.190808,0.0586731,0.112656,0.126661
640,0.0523621,0.244269,0.273853,0.0870605,0.133282,0.16571,0.0421082,0.0062561,0.0197632,0.0582825,0.0722656,0.0363831,0.224109,0.0373474,0.0812866,0.0833923,0.0200012,0.144244,0.0921387,0.0898254,0.183118,0.0410767,0.18739,0.0727783,0.032666,0.145941,0.000616455,0.0355103,0.0636353,0.14101,0.00354004,0.163757,0.00880737,0.1659,0.0758667,0.0168762,0.269043,0.0712891,0.26424,0.0715637,0.0442871,0.145441,0.0558655,0.0359802,0.174091,0.173614,0.0129089,0.055072,0.0822937,0.00530396,0.017572,0.0511475,0.0896423,0.0544495,0.177509,0.0243225,0.025061,0.0829834,0.00814209,0.043103,0.0520203,0.0513062,0.0770325,0.0128113,0.0276794,0.0941284,0.00276489,0.16308,0.115247,0.123096,0.0320801,0.106775,0.108417,0.0297424,0.160126,0.218732,0.0625122,0.0978332,0.00772095,0.183441,0.0693176,0.0253357,0.0315796,0.0189575,0,0.0619019,0.145856,0.222333,0.0219055,0.498126,0.20481,0.0962402,0.0971741,0.0401184,0.0194153,0.147009,0.105084,0.348499,0.00923462,0.125226,0.0935202,0.0843583
650,0.0691223,0.0135559,0.113385,0.0585571,0.0902527,0.0781494,0.09729,0.135052,0.0727112,0.0235779,0.0292297,0.430518,0.129907,0.139764,0.267743,0.0144165,0.0251648,0.0722107,0.0313171,0.0265625,0.232971,0.0680969,0.0349121,0.0600281,0.146466,0.053656,0.0639648,0.130005,0.0588806,0.0072998,0.545752,0.0452881,0.0151489,0.0283936,0.124133,0.103149,0.107214,0.0329468,0.0684387,0.171588,0.0370239,0.0312561,0.1763,0.0831421,0.228387,0.030896,0.0201355,0.176672,0.424939,0.0492615,0.331628,0.029657,0.058667,0.0266541,0.0150574,0.142371,0.54729,0.081366,0.0765137,0.0347168,0.145428,0.0351013,0.0472839,0.0995666,0.0671875,0.0604797,0.7849,0.0528564,0.0124268,0.0726929,0.013739,0.10849,0.208771,0.0374084,0.0918274,0.0151917,0.096698,0.0656372,0.267273,0.0447632,0.292627,0.0285583,0.223962,0.104553,0.0772034,0.1492,0.238525,0.254785,0.019165,0.0567627,0.171796,0.0532837,0.426807,0.0371704,0.0208618,0.0822998,0.0888428,0.20929,0.00996094,0.0923035,0.115844,0.130129
660,0.112433,0.183331,0.0053833,0.0473511,0.201245,0.457355,0.219409,0.118005,0.00687256,0.0593689,0.00819702,0.0395935,0.0260376,0.16673,0.136884,0.00227661,0.0510559,0.0451538,0.0113647,0.0500916,0.0338745,0.122369,0.0422668,0.0685547,0.0303162,0.0758423,0.138214,0.102283,0.128143,0.0259705,0.894336,0.15766,0.0680115,0.10351,0.0645019,0.100421,0.0438782,0.0871704,0.290186,0.00877686,0.238763,0.0104797,0.00766602,0.125043,0.0319824,0.0381043,0.0230835,0.215436,0.062384,0.109534,0.180188,0.0707703,0.0311829,0.0561218,0.0652039,0.132269,0.0680786,0.00737305,0.0771545,0.446136,0.188196,0.0550781,0.333716,0.31745,0.0327393,0.185468,0.377051,0.00469971,0.0984863,0.0948853,0.0570801,0.281598,0.385095,0.00629883,0.0996765,0.0541382,0.0909363,0.0350891,0.124066,0.120428,0.0217834,0.0645142,0.201788,0.197845,0.08302,0.0990478,0.0326965,0.0308777,0.0538818,0.0661499,0.0390442,0.101685,0.104181,0.0161377,0.0617859,0.0612549,0.0395447,0.134937,0.0497376,0.0563599,0.109898,0.124882
670,0.111121,0.0985962,0.25246,0.168213,0.0204956,0.529254,0.104608,0.0660706,0.0131348,0.211639,0.251721,0.0503967,0.0974548,0.154266,0.0213806,0.0219604,0.240698,0.0338257,0.129779,0.0696594,0.131458,0.00410767,0.18985,0.163306,0.003479,0.0974487,0.0284119,0.202502,0.00693359,0.044519,0.0622925,0.409735,0.0439392,0.0758606,0.0320801,0.0927307,0.0492493,0.0574585,0.302985,0.0731751,0.125787,0.0169495,0.0214478,0.118976,0.0911072,0.113367,0.184772,0.0835571,0.0354675,0.167236,0.0885132,0.219251,0.0863525,0.0615112,0.0943115,0.0791077,0.0738586,0.0638855,0.0133301,1,0.104266,0.0271606,0.0045227,0.0788635,0.0824951,0.196521,0.0894958,0.0602539,0.0439148,0.0562073,0.0747253,0.290082,0.144434,0.103772,0.0131348,0.172913,0.130847,0.0327637,0.107098,0.039801,0.0471924,0.24574,0.0219849,0.0273804,0.0274475,0.105865,0.104675,0.097467,0.0910278,0.185437,0.0801208,0.0549194,0.0565796,0.24281,0.0545837,0.0866699,0.0156921,0.0847351,0.0496948,0.148358,0.111387,0.125138
680,0.0800415,0.128162,0.0228638,0.200195,0.00222168,0.0307068,0.193304,0.0873596,0.0250061,0.0764282,0.056012,0.060376,0.411462,0.0537964,0.111737,0.0992126,0.128833,0.0231323,0.0217773,0.0233337,0.585901,0.0801392,0.0101807,0.00784302,0.262396,0.310797,0.176154,0.217523,0.102911,0.142426,0.0435791,0.308368,0.00543823,0.125415,0.0322327,0.102222,0.0419861,0.00263062,0.073584,0.697504,0.0661621,0.101599,0.0410767,0.0930115,0.0252319,0.0618347,0.0583557,0.14939,0.0606873,0.00807495,0.0816834,0.17511,0.109973,0.121973,0.0662537,0.00742798,0.111926,0.0272644,0.520227,0.436938,0.080896,0.0476013,0.0849304,0.256488,0.0539734,0.20423,0.197034,0.195398,0.143121,0.083728,0.00805664,0.191211,0.0112244,0.231628,0.023877,0.0307068,0.212073,0.0318665,0.0155029,0.0186646,0.0253174,0.0635803,0.0295349,0.263458,0.123212,0.0530396,0.0866699,0.0753052,0.129016,0.203711,0.0741943,0.0713135,0.054303,0.119885,0.0833313,0.109747,0.0720398,0.015448,0.0191284,0.082196,0.11366,0.122335
690,0.0187256,0.335132,0.109192,0.349921,0.307605,0.258716,0.309137,0.99657,0.308636,0.499554,0.110364,0.295685,0.235706,0.716858,0.249823,0.357257,0.299078,0.58316,0.251984,0.438287,0.359753,0.353705,0.552643,0.379584,0.639044,0.0836609,0.349438,0.251916,0.328125,0.336267,0.302838,0.708167,0.32406,0.165393,0.352966,0.53678,0.149927,0.258582,0.378217,0.476135,0.0429199,0.0871338,0.637854,0.278223,0.602124,0.503406,0.315369,0.445892,0.366632,0.188635,0.289392,0.490131,0.294379,0.261865,0.510052,0.146539,0.630182,0.682458,0.522266,0.0709106,0.200433,0.525842,0.232623,0.546136,0.152478,0.41145,0.747198,0.184912,0.715558,0.0654114,0.80423,0.257404,0.457123,0.423535,0.443274,0.116345,0.151599,0.51239,0.788067,0.414044,0.74527,0.199335,0.359595,0.319159,0.440289,0.452216,0.129761,0.5591,0.432849,0.294043,0.225397,0.200104,0.1927,0.496167,0.161951,0.449133,0.53847,0.0426453,0.344135,0.337347,0.367547,0.195755
700,0.263306,0.420038,0.31629,0.36991,0.0974793,0.322986,0.466162,0.786749,0.330804,0.399402,0.559668,0.303058,0.272528,0.475604,0.247394,0.0687378,0.686529,0.219543,0.350452,0.216479,0.196588,0.152191,0.314868,0.537305,0.638263,0.343719,0.611926,0.415881,0.0891785,0.174731,0.634216,0.516431,0.210907,0.33454,0.193036,0.721375,0.483154,0.478168,0.633014,0.384131,0.121729,0.319281,0.492273,0.64657,0.236017,0.594867,0.256427,0.196106,0.719006,0.197534,0.522949,0.840356,0.212878,0.595795,0.458203,0.763544,0.644605,0.581201,0.0838623,0.375452,0.435248,0.175653,0.591852,0.516498,0.126697,0.426538,0.765686,0.0998291,0.400757,0.678357,0.1867,1,0.379333,0.267761,0.524426,0.175641,0.182202,0.376868,0.159241,0.677264,1,0.504694,0.0982727,0.229413,0.524213,1,0.0141357,0.627728,0.208093,0.603644,0.261267,0.669879,0.14574,0.442493,0.362347,0.346747,0.385114,0.454376,0.457623,0.723065,0.413008,0.222806
710,0.0983948,0.237421,0.18822,0.628442,0.754694,0.239777,0.562018,0.705121,0.154272,0.342529,0.539044,0.319623,0.164862,0.341394,0.761114,0.525067,0.447113,0.493146,0.45036,0.465814,0.351447,0.646234,0.378272,0.186865,0.449548,0.184637,0.464136,0.301508,0.43374,0.997162,0.402576,0.460168,0.249915,0.0379639,0.220758,0.368335,0.319098,0.164569,0.888031,0.198785,0.548407,0.288629,0.520435,0.233557,0.319171,0.436121,0.253357,0.508112,0.227142,0.270953,0.449023,0.596149,0.168829,0.724054,0.630823,0.442285,0.848334,0.530676,0.153967,0.151862,0.762872,0.0489136,0.666888,0.541504,0.900134,0.346375,0.158356,0.302228,0.0561279,0.102808,0.306464,0.971655,0.0707031,0.586493,0.255963,0.209631,0.597363,0.806665,0.442114,0.959369,0.315161,0.550147,0.23056,0.107507,0.697967,0.311005,0.328229,0.279919,0.191339,0.794513,0.156879,0.453546,0.117499,0.485272,0.44693,0.273474,0.46676,0.346094,0.308734,0.988751,0.41367,0.236026